{
  "caucasus": {
    "lat_0": 45.1295,
    "lon_0": 34.265483
  },
  "nevada": {
    "lat_0": 39.831,
    "lon_0": -114.741667
  },
  "persiangulf": {
    "lat_0": 26.17181667,
    "lon_0": 56.24193333
  },
  "syria": {
    "lat_0": 35.021916666,
    "lon_0": 35.9055
  }
}