{
  "caucasus": {
    "lon_0": 33,
    "x_0": -99516.9999999732,
    "y_0": -4998114.999999984
  }
}